Marka,Rok,Cena
Ford,1990,3000
Audi,2000,25000
Volkswagen,1998,5000
Ford,2020,500000
Nissan,2017,800000
Dodge,2014,40000
Audi,1995,5000
Reno,2000,7000
Fiat,1990,3000
BMW,2000,25000
BMW,1998,5000
Nissan,2020,500000
Volkswagen,2017,800000
BMW,2014,40000
Fiat,1995,5000
Citroen,2000,7000
Reno,1990,3000
Mazda,2000,25000
Fiat,1998,5000
Audi,2020,500000
Citroen,2017,800000
Citroen,2014,40000
Volkswagen,1995,5000
Audi,2000,7000
Fiat,1990,3000
Ferrari,2000,25000
Volkswagen,1998,5000
Citroen,2020,500000
Mercedes,2017,800000
Volkswagen,2014,40000
Trabant,1995,5000
Fiat,2000,7000
